State,Candidate,Average_Sentiment_Score
Alabama,Donald Trump,0.007934493746993742
Alabama,Joe Biden,0.06833495670995672
Alabama,Kamala Harris,-0.0019697051156728584
Alaska,Donald Trump,0.01210116041366041
Alaska,Joe Biden,0.06716829004329004
Alaska,Kamala Harris,0.009696961550993808
Arizona,Donald Trump,0.02494291125541125
Arizona,Joe Biden,0.10521563852813852
Arizona,Kamala Harris,0.016429158520690778
Arkansas,Donald Trump,0.011178224154517254
Arkansas,Joe Biden,0.06366829004329004
Arkansas,Kamala Harris,0.009696961550993805
California,Donald Trump,0.011934493746993742
California,Joe Biden,0.07758748196248196
California,Kamala Harris,-0.004053038449006192
Colorado,Donald Trump,-0.0009569272767802206
Colorado,Joe Biden,0.0683349567099567
Colorado,Kamala Harris,-0.004053038449006194
Connecticut,Donald Trump,0.011178224154517254
Connecticut,Joe Biden,0.06366829004329004
Connecticut,Kamala Harris,-0.0019697051156728597
Delaware,Donald Trump,0.011178224154517254
Delaware,Joe Biden,0.06580465367965367
Delaware,Kamala Harris,0.001946961550993805
Florida,Donald Trump,0.01525989240071991
Florida,Joe Biden,0.07941829004329004
Florida,Kamala Harris,0.005138880742913001
Georgia,Donald Trump,0.00392896860715042
Georgia,Joe Biden,0.09725162337662338
Georgia,Kamala Harris,-0.0025833414793092224
Hawaii,Donald Trump,0.018934493746993745
Hawaii,Joe Biden,0.06716829004329004
Hawaii,Kamala Harris,-0.0019697051156728606
Idaho,Donald Trump,0.011178224154517254
Idaho,Joe Biden,0.06968402862569528
Idaho,Kamala Harris,0.009696961550993805
Illinois,Donald Trump,0.014934493746993743
Illinois,Joe Biden,0.06366829004329004
Illinois,Kamala Harris,0.009696961550993808
Indiana,Donald Trump,0.014101160413660411
Indiana,Joe Biden,0.06366829004329004
Indiana,Kamala Harris,0.009696961550993805
Iowa,Donald Trump,0.023817911255411252
Iowa,Joe Biden,0.07766829004329004
Iowa,Kamala Harris,-0.004053038449006195
Kansas,Donald Trump,0.006934493746993743
Kansas,Joe Biden,0.06500162337662338
Kansas,Kamala Harris,0.0040302948843271395
Kentucky,Donald Trump,0.02210116041366041
Kentucky,Joe Biden,0.06366829004329004
Kentucky,Kamala Harris,0.0019469615509938054
Louisiana,Donald Trump,0.011178224154517254
Louisiana,Joe Biden,0.06366829004329004
Louisiana,Kamala Harris,0.009696961550993805
Maine,Donald Trump,0.02677371316121316
Maine,Joe Biden,0.0653349567099567
Maine,Kamala Harris,-0.0019697051156728597
Maryland,Donald Trump,0.007678224154517256
Maryland,Joe Biden,0.06366829004329004
Maryland,Kamala Harris,0.009696961550993808
Massachusetts,Donald Trump,0.005934493746993743
Massachusetts,Joe Biden,0.06366829004329004
Massachusetts,Kamala Harris,0.00803029488432714
Michigan,Donald Trump,0.02288988095238095
Michigan,Joe Biden,0.08437721044387711
Michigan,Kamala Harris,0.009341405995438251
Minnesota,Donald Trump,0.015116311928811924
Minnesota,Joe Biden,0.06366829004329004
Minnesota,Kamala Harris,-0.010719705115672858
Mississippi,Donald Trump,0.011178224154517254
Mississippi,Joe Biden,0.06885069529236196
Mississippi,Kamala Harris,0.005946961550993804
Missouri,Donald Trump,0.011178224154517254
Missouri,Joe Biden,0.06968402862569528
Missouri,Kamala Harris,0.009696961550993805
Montana,Donald Trump,0.011077350889850885
Montana,Joe Biden,0.06366829004329004
Montana,Kamala Harris,0.0040302948843271395
Nebraska,Donald Trump,0.010178224154517253
Nebraska,Joe Biden,0.06366829004329004
Nebraska,Kamala Harris,-0.003833341479309223
Nevada,Donald Trump,0.01893449374699374
Nevada,Joe Biden,0.08597132034632034
Nevada,Kamala Harris,0.009696961550993805
New Hampshire,Donald Trump,0.03813760324425752
New Hampshire,Joe Biden,0.15793565611017488
New Hampshire,Kamala Harris,0.07766073989386303
New Jersey,Donald Trump,0.015257155711425704
New Jersey,Joe Biden,0.15686697807666325
New Jersey,Kamala Harris,0.0848173055504287
New Mexico,Donald Trump,-0.00190083549092033
New Mexico,Joe Biden,0.15118678327146845
New Mexico,Kamala Harris,0.08638801262113577
New York,Donald Trump,0.005737970165986822
New York,Joe Biden,0.13307591198490668
New York,Kamala Harris,0.07635137641783289
North Carolina,Donald Trump,-0.004633601146641268
North Carolina,Joe Biden,0.08327085713484358
North Carolina,Kamala Harris,0.0840842675519813
North Dakota,Donald Trump,0.020608564288563072
North Dakota,Joe Biden,0.07841606402249902
North Dakota,Kamala Harris,0.07561959768415723
Ohio,Donald Trump,0.008305359547859546
Ohio,Joe Biden,0.07947132034632035
Ohio,Kamala Harris,0.009696961550993807
Oklahoma,Donald Trump,0.011178224154517254
Oklahoma,Joe Biden,0.06466829004329004
Oklahoma,Kamala Harris,0.009696961550993808
Oregon,Donald Trump,0.011178224154517254
Oregon,Joe Biden,0.06766829004329004
Oregon,Kamala Harris,-0.0040530384490061935
Pennsylvania,Donald Trump,0.011871526124156161
Pennsylvania,Joe Biden,0.09361993025493026
Pennsylvania,Kamala Harris,0.007298476702508961
Rhode Island,Donald Trump,0.03178820056429371
Rhode Island,Joe Biden,0.08451284103091689
Rhode Island,Kamala Harris,-0.02023645546372822
South Carolina,Donald Trump,0.08613910239772134
South Carolina,Joe Biden,0.12569364138682743
South Carolina,Kamala Harris,0.10019189678530876
South Dakota,Donald Trump,0.049644590788806696
South Dakota,Joe Biden,0.10320326780960577
South Dakota,Kamala Harris,0.12156044164913962
Tennessee,Donald Trump,0.011178224154517254
Tennessee,Joe Biden,0.06195400432900433
Tennessee,Kamala Harris,0.009916658520690775
Texas,Donald Trump,0.02153379028379028
Texas,Joe Biden,0.08552543290043291
Texas,Kamala Harris,0.01028029488432714
Utah,Donald Trump,0.013434493746993743
Utah,Joe Biden,0.06866829004329005
Utah,Kamala Harris,0.0040302948843271395
Vermont,Donald Trump,0.030344890821183922
Vermont,Joe Biden,0.06433495670995672
Vermont,Kamala Harris,-0.0009166748126425561
Virginia,Donald Trump,0.027434493746993745
Virginia,Joe Biden,0.07483495670995671
Virginia,Kamala Harris,0.012833325187357443
Washington,Donald Trump,0.019798130110630106
Washington,Joe Biden,0.06616829004329004
Washington,Kamala Harris,0.014196961550993805
West Virginia,Donald Trump,0.038704766791140585
West Virginia,Joe Biden,0.05717620364262038
West Virginia,Kamala Harris,0.06792627508544995
Wisconsin,Donald Trump,0.012228938191438188
Wisconsin,Joe Biden,0.08067965367965367
Wisconsin,Kamala Harris,0.004515143369175623
Wyoming,Donald Trump,0.011178224154517254
Wyoming,Joe Biden,0.06366829004329004
Wyoming,Kamala Harris,0.0002802948843271402
