Dates,Sample,Pollster,Sponsor,Result,Net result,state
UPDATED,JUL.,"24,","2024,",AT,3:39,Alabama
Check,out,our,popular,polling,averages,Alabama
U.S.,"House,","AL-1,","2024,",Republican,primary,Alabama
The,position,of,the,flag,indicates,Alabama
"party,",campaign,"committee,","PAC,",super,"PAC,",Alabama
activity,on,behalf,of,one,political,Alabama
Indicates,a,polling,average,for,this,Alabama
Do,Not,Sell,My,Personal,Information,Alabama
©,2024,ABC,News,Internet,Ventures.,Alabama
Read,about,how,we,use,polls,Alabama
When,the,dates,of,tracking,polls,Alabama
Data,for,FiveThirtyEight's,previous,"favorability,",presidential,Alabama
Notice,any,bugs,or,missing,polls?,Alabama
Design,and,development,by,Ryan,"Best,",Alabama
Mary,"Radcliffe,",Anna,Wiederkehr,and,Julia,Alabama
"Mehta,",Mary,"Radcliffe,",Nathaniel,"Rakich,",Derek,Alabama
"Rakich,",Kaleigh,Rogers,and,Amelia,Thomson-DeVeaux.,Alabama
FILTER,BY,POLL,TYPE,OR,STATE,Alabama
