candidate_name,party,average_combined_sentiment_1,average_combined_sentiment_2,average_combined_sentiment_3,average_combined_sentiment_4,average_combined_sentiment_5,average_combined_sentiment_6,average_combined_sentiment_7,average_combined_sentiment_8,average_combined_sentiment_9,average_combined_sentiment_10
Kamala Harris,DEM,0.2125,0.30125,0.375625,0.4378125,0.44390625,0.461953125,0.470976563,0.475488281,0.492744141,0.48637207
Donald Trump,REP,0.2875,0.41125,0.420625,0.4603125,0.45215625,0.451078125,0.450539063,0.445269531,0.462634766,0.456317383
Chase Oliver,LIB,0.0005,0.00025,0.000125,0.0050625,0.00253125,0.001265625,0.000632813,0.000316406,0.000158203,0.005079102
Robert F. Kennedy Jr.,IND,0.023,0.0215,0.06325,0.056625,0.0483125,0.04915625,0.039578125,0.044789063,0.037394531,0.043697266
Jill Stein,GRE,0.0005,0.00525,0.007625,0.0038125,0.00190625,0.005953125,0.007976563,0.003988281,0.006994141,0.00349707
Randall Terry,CON,0.0001,0.0002,0,0.000345,0,0.000412,0,0.000506,0.00012,0
Cornel West,IND,0.0005,0.00025,0.000125,0.0050625,0.00253125,0.006265625,0.003132813,0.001566406,0.005783203,0.002891602
