State,Candidate,Average_Sentiment_Score
Alabama,Chase Oliver,0.05754995824887511
Alabama,Cornel West,0.0031611790986791
Alabama,Donald Trump,-0.003732172919672923
Alabama,Jill Stein,-0.006336781076066795
Alabama,Kamala Harris,0.010416658520690776
Alabama,Randall Terry,-0.006789427083509394
Alabama,Robert F. Kennedy Jr.,-0.013865223665223669
Alaska,Chase Oliver,0.008722133801821297
Alaska,Cornel West,0.0011611790986791
Alaska,Donald Trump,0.005101160413660408
Alaska,Jill Stein,-0.006336781076066795
Alaska,Kamala Harris,0.010416658520690777
Alaska,Randall Terry,-0.0298049162980463
Alaska,Robert F. Kennedy Jr.,-0.013865223665223669
Arizona,Chase Oliver,0.01584152096659926
Arizona,Cornel West,0.00045391414141414177
Arizona,Donald Trump,0.008609577922077918
Arizona,Jill Stein,-0.006336781076066795
Arizona,Kamala Harris,0.02670188579341805
Arizona,Randall Terry,-0.028715500311723582
Arizona,Robert F. Kennedy Jr.,-0.013865223665223669
Arkansas,Chase Oliver,-0.021318297294859796
Arkansas,Cornel West,0.005862567987567988
Arkansas,Donald Trump,-6.550625300625778e-05
Arkansas,Jill Stein,-0.006336781076066795
Arkansas,Kamala Harris,0.017053022157054412
Arkansas,Randall Terry,-0.02819353226686902
Arkansas,Robert F. Kennedy Jr.,-0.013865223665223669
California,Chase Oliver,0.09022231738286686
California,Cornel West,-0.0031824494949494945
California,Donald Trump,0.00493449374699374
California,Jill Stein,-0.006336781076066795
California,Kamala Harris,0.010416658520690777
California,Randall Terry,-0.02188845582299215
California,Robert F. Kennedy Jr.,-0.013865223665223669
Colorado,Chase Oliver,0.0747568734411314
Colorado,Cornel West,0.006091734654234655
Colorado,Donald Trump,-0.01695692727678022
Colorado,Jill Stein,-0.006336781076066795
Colorado,Kamala Harris,0.017053022157054412
Colorado,Randall Terry,-0.029290109688026554
Colorado,Robert F. Kennedy Jr.,-0.013865223665223669
Connecticut,Chase Oliver,0.0350540283810424
Connecticut,Cornel West,0.003050067987567988
Connecticut,Donald Trump,0.004178224154517252
Connecticut,Jill Stein,-0.006336781076066795
Connecticut,Kamala Harris,0.008553022157054413
Connecticut,Randall Terry,-0.024635764462059454
Connecticut,Robert F. Kennedy Jr.,-0.013865223665223669
Delaware,Chase Oliver,-0.0014150479329050707
Delaware,Cornel West,0.003842997280497281
Delaware,Donald Trump,0.00017822415451725166
Delaware,Jill Stein,-0.006336781076066795
Delaware,Kamala Harris,0.010416658520690776
Delaware,Randall Terry,-0.024635764462059454
Delaware,Robert F. Kennedy Jr.,-0.013865223665223669
Florida,Chase Oliver,0.018409815077643697
Florida,Cornel West,-1.3378982128982031e-05
Florida,Donald Trump,-0.0037401075992800903
Florida,Jill Stein,-0.006336781076066795
Florida,Kamala Harris,0.0029449413489736065
Florida,Randall Terry,0.0008512207616118003
Florida,Robert F. Kennedy Jr.,-0.013865223665223669
Georgia,Chase Oliver,0.00978151881635813
Georgia,Cornel West,-0.002574932012432012
Georgia,Donald Trump,-0.0030710313928495807
Georgia,Jill Stein,-0.006336781076066795
Georgia,Kamala Harris,0.00768938579341805
Georgia,Randall Terry,-0.011990577899764722
Georgia,Robert F. Kennedy Jr.,-0.013865223665223669
Hawaii,Chase Oliver,0.011929867647330181
Hawaii,Cornel West,0.0011611790986791
Hawaii,Donald Trump,0.011934493746993742
Hawaii,Jill Stein,-0.006336781076066795
Hawaii,Kamala Harris,0.017053022157054412
Hawaii,Randall Terry,-0.03707288971389697
Hawaii,Robert F. Kennedy Jr.,-0.013865223665223669
Idaho,Chase Oliver,0.005639354774628743
Idaho,Cornel West,0.0031611790986791
Idaho,Donald Trump,-6.550625300625778e-05
Idaho,Jill Stein,-0.006336781076066795
Idaho,Kamala Harris,0.010416658520690776
Idaho,Randall Terry,-0.033999583620041664
Idaho,Robert F. Kennedy Jr.,-0.013865223665223669
Illinois,Chase Oliver,-0.001248571705504474
Illinois,Cornel West,0.004120580808080808
Illinois,Donald Trump,0.007934493746993742
Illinois,Jill Stein,-0.006336781076066795
Illinois,Kamala Harris,0.010416658520690776
Illinois,Randall Terry,-0.02150439595872191
Illinois,Robert F. Kennedy Jr.,-0.013865223665223669
Indiana,Chase Oliver,-0.031135685209451817
Indiana,Cornel West,0.012170851717726718
Indiana,Donald Trump,0.00710116041366041
Indiana,Jill Stein,-0.006336781076066795
Indiana,Kamala Harris,0.008553022157054415
Indiana,Randall Terry,-0.03707288971389697
Indiana,Robert F. Kennedy Jr.,-0.013865223665223669
Iowa,Chase Oliver,0.005049651350916984
Iowa,Cornel West,0.0017167346542346564
Iowa,Donald Trump,-0.0005457251082251114
Iowa,Jill Stein,-0.006336781076066795
Iowa,Kamala Harris,0.017053022157054412
Iowa,Randall Terry,-0.007551988925967692
Iowa,Robert F. Kennedy Jr.,-0.013865223665223669
Kansas,Chase Oliver,0.004334940159331429
Kansas,Cornel West,0.0011611790986791
Kansas,Donald Trump,-6.550625300625667e-05
Kansas,Jill Stein,-0.006336781076066795
Kansas,Kamala Harris,0.010416658520690776
Kansas,Randall Terry,-0.033999583620041664
Kansas,Robert F. Kennedy Jr.,-0.013865223665223669
Kentucky,Chase Oliver,-0.014088321384593183
Kentucky,Cornel West,5.006798756798825e-05
Kentucky,Donald Trump,0.01510116041366041
Kentucky,Jill Stein,-0.006336781076066795
Kentucky,Kamala Harris,0.008553022157054413
Kentucky,Randall Terry,-0.017520634359284425
Kentucky,Robert F. Kennedy Jr.,-0.013865223665223669
Louisiana,Chase Oliver,0.01441401185700767
Louisiana,Cornel West,0.0011611790986791
Louisiana,Donald Trump,0.004178224154517252
Louisiana,Jill Stein,-0.006336781076066795
Louisiana,Kamala Harris,0.008553022157054415
Louisiana,Randall Terry,-0.02868836044831402
Louisiana,Robert F. Kennedy Jr.,-0.013865223665223669
Maine,Chase Oliver,0.06300850856656481
Maine,Cornel West,0.0011611790986791
Maine,Donald Trump,0.02078886467636467
Maine,Jill Stein,-0.006336781076066795
Maine,Kamala Harris,0.009734840338872595
Maine,Randall Terry,-0.018495558756105243
Maine,Robert F. Kennedy Jr.,-0.013865223665223669
Maryland,Chase Oliver,0.05769941417459636
Maryland,Cornel West,0.005407629105998671
Maryland,Donald Trump,0.0004344937469937449
Maryland,Jill Stein,-0.006336781076066795
Maryland,Kamala Harris,0.017053022157054416
Maryland,Randall Terry,-0.03189490776341586
Maryland,Robert F. Kennedy Jr.,-0.013865223665223669
Massachusetts,Chase Oliver,0.0177784575093129
Massachusetts,Cornel West,0.0011611790986791
Massachusetts,Donald Trump,-0.0010655062530062576
Massachusetts,Jill Stein,-0.006336781076066795
Massachusetts,Kamala Harris,0.009053022157054415
Massachusetts,Randall Terry,-0.018183099374693115
Massachusetts,Robert F. Kennedy Jr.,-0.013865223665223669
Michigan,Chase Oliver,0.030144912620741857
Michigan,Cornel West,0.010453914141414144
Michigan,Donald Trump,-0.003110119047619052
Michigan,Jill Stein,-0.0008831998088491658
Michigan,Kamala Harris,0.010414133268165527
Michigan,Randall Terry,0.0004901000920291071
Michigan,Robert F. Kennedy Jr.,-0.013865223665223669
Minnesota,Chase Oliver,0.00015461862766773468
Minnesota,Cornel West,0.0031611790986791
Minnesota,Donald Trump,-0.0008836880711880768
Minnesota,Jill Stein,-0.006336781076066795
Minnesota,Kamala Harris,0.0054166585206907765
Minnesota,Randall Terry,-0.016998676722284587
Minnesota,Robert F. Kennedy Jr.,-0.013865223665223669
Mississippi,Chase Oliver,0.08883014752670611
Mississippi,Cornel West,0.004550067987567989
Mississippi,Donald Trump,0.00017822415451725277
Mississippi,Jill Stein,-0.006336781076066795
Mississippi,Kamala Harris,0.017053022157054412
Mississippi,Randall Terry,-0.008516144800927088
Mississippi,Robert F. Kennedy Jr.,-0.013865223665223669
Missouri,Chase Oliver,0.03555631525550657
Missouri,Cornel West,0.012800067987567991
Missouri,Donald Trump,-6.55062530062589e-05
Missouri,Jill Stein,-0.006336781076066795
Missouri,Kamala Harris,0.008553022157054413
Missouri,Randall Terry,-0.025210487533824287
Missouri,Robert F. Kennedy Jr.,-0.013865223665223669
Montana,Chase Oliver,-0.01147331002051117
Montana,Cornel West,-0.003263243700743701
Montana,Donald Trump,-0.004922649110149114
Montana,Jill Stein,-0.006336781076066795
Montana,Kamala Harris,0.017053022157054416
Montana,Randall Terry,-0.03707288971389697
Montana,Robert F. Kennedy Jr.,-0.013865223665223669
Nebraska,Chase Oliver,-0.02191340276128879
Nebraska,Cornel West,0.01194319356061347
Nebraska,Donald Trump,-0.001065506253006257
Nebraska,Jill Stein,-0.005904962894248614
Nebraska,Kamala Harris,0.008553022157054415
Nebraska,Randall Terry,-0.03324403731737407
Nebraska,Robert F. Kennedy Jr.,-0.013865223665223669
Nevada,Chase Oliver,-0.011386759841262537
Nevada,Cornel West,0.0071611790986791
Nevada,Donald Trump,0.007267827080327076
Nevada,Jill Stein,-0.006336781076066795
Nevada,Kamala Harris,0.008553022157054413
Nevada,Randall Terry,-0.03324403731737407
Nevada,Robert F. Kennedy Jr.,-0.013865223665223669
New Hampshire,Chase Oliver,0.044963336555448985
New Hampshire,Cornel West,0.1047598934986604
New Hampshire,Donald Trump,0.03813760324425752
New Hampshire,Jill Stein,0.08566521573743456
New Hampshire,Kamala Harris,0.08370511218823533
New Hampshire,Randall Terry,0.1370427385612792
New Hampshire,Robert F. Kennedy Jr.,-0.013865223665223669
New Jersey,Chase Oliver,0.05512175390112342
New Jersey,Cornel West,0.1239417955575177
New Jersey,Donald Trump,0.020368103903019054
New Jersey,Jill Stein,0.08770806003616229
New Jersey,Kamala Harris,0.08242480915793228
New Jersey,Randall Terry,0.1472020184167313
New Jersey,Robert F. Kennedy Jr.,-0.013865223665223669
New Mexico,Chase Oliver,-0.2263585821017332
New Mexico,Cornel West,0.1063040686938382
New Mexico,Donald Trump,0.002386321796236955
New Mexico,Jill Stein,0.0785071933168799
New Mexico,Kamala Harris,0.0859248091579323
New Mexico,Randall Terry,0.06244677206100646
New Mexico,Robert F. Kennedy Jr.,-0.013865223665223669
New York,Chase Oliver,0.07744389785817331
New York,Cornel West,0.11287126035481525
New York,Donald Trump,0.0057379701659868235
New York,Jill Stein,0.09406265212798758
New York,Kamala Harris,0.06691161170723485
New York,Randall Terry,0.18518573177649236
New York,Robert F. Kennedy Jr.,4.050024050023693e-05
North Carolina,Chase Oliver,0.005496021454300319
North Carolina,Cornel West,0.13767137279390743
North Carolina,Donald Trump,-0.0047764582894984095
North Carolina,Jill Stein,0.05836973964189822
North Carolina,Kamala Harris,0.08210581419781703
North Carolina,Randall Terry,0.039715852085963975
North Carolina,Robert F. Kennedy Jr.,-0.013865223665223669
North Dakota,Chase Oliver,-0.0438682352162462
North Dakota,Cornel West,0.13048428313055405
North Dakota,Donald Trump,0.020608564288563072
North Dakota,Jill Stein,0.042800436104431856
North Dakota,Kamala Harris,0.07561959768415723
North Dakota,Randall Terry,0.0981525784157363
North Dakota,Robert F. Kennedy Jr.,-0.013865223665223669
Ohio,Chase Oliver,-0.024311440823690494
Ohio,Cornel West,-0.003925302128427128
Ohio,Donald Trump,0.0006386928811928788
Ohio,Jill Stein,-0.006336781076066795
Ohio,Kamala Harris,0.017053022157054412
Ohio,Randall Terry,-0.01632696504306479
Ohio,Robert F. Kennedy Jr.,-0.013865223665223669
Oklahoma,Chase Oliver,0.0006489471416026738
Oklahoma,Cornel West,0.0050500679875679876
Oklahoma,Donald Trump,-6.55062530062589e-05
Oklahoma,Jill Stein,-0.006336781076066795
Oklahoma,Kamala Harris,0.017053022157054412
Oklahoma,Randall Terry,-0.016077821354062393
Oklahoma,Robert F. Kennedy Jr.,-0.013865223665223669
Oregon,Chase Oliver,-0.01245089848309546
Oregon,Cornel West,0.004925067987567988
Oregon,Donald Trump,-6.550625300625834e-05
Oregon,Jill Stein,-0.006336781076066795
Oregon,Kamala Harris,0.017053022157054412
Oregon,Randall Terry,-0.027718768807528292
Oregon,Robert F. Kennedy Jr.,-0.013865223665223669
Pennsylvania,Chase Oliver,-0.004875688863761686
Pennsylvania,Cornel West,0.003050067987567988
Pennsylvania,Donald Trump,-0.004461807209177171
Pennsylvania,Jill Stein,-0.0008831998088491658
Pennsylvania,Kamala Harris,0.011434840338872593
Pennsylvania,Randall Terry,-0.007189947690971248
Pennsylvania,Robert F. Kennedy Jr.,-0.013865223665223669
Rhode Island,Chase Oliver,0.13995567924139354
Rhode Island,Cornel West,0.11971048690040835
Rhode Island,Donald Trump,0.03178820056429371
Rhode Island,Jill Stein,0.1872093343236394
Rhode Island,Kamala Harris,-0.02023645546372822
Rhode Island,Randall Terry,0.11261700293548377
Rhode Island,Robert F. Kennedy Jr.,-0.013865223665223669
South Carolina,Chase Oliver,0.207461529969585
South Carolina,Cornel West,0.12828771671397182
South Carolina,Donald Trump,0.08613910239772134
South Carolina,Jill Stein,0.1565567565035913
South Carolina,Kamala Harris,0.10019189678530876
South Carolina,Randall Terry,0.13004637662958102
South Carolina,Robert F. Kennedy Jr.,-0.013865223665223669
South Dakota,Chase Oliver,0.19262778180675985
South Dakota,Cornel West,0.1429567643855251
South Dakota,Donald Trump,0.049644590788806696
South Dakota,Jill Stein,0.07845556663081119
South Dakota,Kamala Harris,0.12156044164913962
South Dakota,Randall Terry,0.0981525784157363
South Dakota,Robert F. Kennedy Jr.,-0.013865223665223669
Tennessee,Chase Oliver,-0.0013266074370985037
Tennessee,Cornel West,0.005862567987567988
Tennessee,Donald Trump,0.00017822415451725359
Tennessee,Jill Stein,-0.005904962894248614
Tennessee,Kamala Harris,0.00938938579341805
Tennessee,Randall Terry,-0.02344699491004174
Tennessee,Robert F. Kennedy Jr.,-0.013865223665223669
Texas,Chase Oliver,0.013568211684621604
Texas,Cornel West,-0.013364267676767676
Texas,Donald Trump,0.0025337902837902805
Texas,Jill Stein,-0.007690677179962898
Texas,Kamala Harris,0.010965143369175624
Texas,Randall Terry,0.021660097079110662
Texas,Robert F. Kennedy Jr.,-0.013865223665223669
Utah,Chase Oliver,0.011563103601343435
Utah,Cornel West,-0.00028326534576534446
Utah,Donald Trump,0.005767827080327076
Utah,Jill Stein,-0.006336781076066795
Utah,Kamala Harris,0.010416658520690777
Utah,Randall Terry,-0.011364067051184677
Utah,Robert F. Kennedy Jr.,-0.013865223665223669
Vermont,Chase Oliver,-0.024363768336982623
Vermont,Cornel West,0.0031611790986791
Vermont,Donald Trump,0.01910116041366041
Vermont,Jill Stein,-0.006336781076066795
Vermont,Kamala Harris,0.009616658520690775
Vermont,Randall Terry,-0.01699867672228459
Vermont,Robert F. Kennedy Jr.,-0.013865223665223669
Virginia,Chase Oliver,-0.014611610763383026
Virginia,Cornel West,0.021021695016939578
Virginia,Donald Trump,0.004498466810966808
Virginia,Jill Stein,-0.006336781076066795
Virginia,Kamala Harris,0.009616658520690775
Virginia,Randall Terry,0.043215643214580754
Virginia,Robert F. Kennedy Jr.,-0.013865223665223669
Washington,Chase Oliver,0.058100002379039596
Washington,Cornel West,0.007574504077793551
Washington,Donald Trump,0.007798130110630106
Washington,Jill Stein,-0.006336781076066795
Washington,Kamala Harris,0.009053022157054414
Washington,Randall Terry,-0.0017409828321258243
Washington,Robert F. Kennedy Jr.,-0.013865223665223669
West Virginia,Chase Oliver,-0.5142963783588783
West Virginia,Cornel West,0.24052197802197808
West Virginia,Donald Trump,0.038704766791140585
West Virginia,Jill Stein,0.013243533983251728
West Virginia,Kamala Harris,0.06792627508544995
West Virginia,Randall Terry,0.214812925170068
West Virginia,Robert F. Kennedy Jr.,-0.013865223665223669
Wisconsin,Chase Oliver,0.036285210932281965
Wisconsin,Cornel West,-0.002629419191919189
Wisconsin,Donald Trump,-0.002070725108225111
Wisconsin,Jill Stein,0.010576865126215768
Wisconsin,Kamala Harris,0.011601507005539262
Wisconsin,Randall Terry,-0.021056387709581872
Wisconsin,Robert F. Kennedy Jr.,-0.013865223665223669
Wyoming,Chase Oliver,0.012808819460933436
Wyoming,Cornel West,0.0011611790986791
Wyoming,Donald Trump,0.004178224154517252
Wyoming,Jill Stein,-0.006336781076066795
Wyoming,Kamala Harris,0.017053022157054412
Wyoming,Randall Terry,-0.023291656364993127
Wyoming,Robert F. Kennedy Jr.,-0.013865223665223669
