State,Candidate,Average_Sentiment_Score
Alabama,name,0.16292034632034627
Alaska,name,0.11046817380150714
Arizona,name,-0.08496031746031746
Arkansas,name,0.21061281179138322
California,name,0.11376954064454063
Colorado,name,0.13613636363636364
Connecticut,name,0.11866387085137085
Delaware,name,0.1591424963924964
Florida,name,-0.02057692307692307
Georgia,name,0.08449013949013949
Hawaii,name,0.0715625
Idaho,name,0.10519761103094434
Illinois,name,0.09082117471006358
Indiana,name,0.1854016354016354
Iowa,name,0.21859848484848488
Kansas,name,0.12118863636363633
Kentucky,name,-0.028848901098901113
Louisiana,name,-0.0677085671530116
Maine,name,0.007361111111111096
Maryland,name,0.04390205627705627
Massachusetts,name,0.19609775641025637
Michigan,name,0.08909704184704184
Minnesota,name,0.04925084175084174
Mississippi,name,0.1645310245310245
Missouri,name,0.12476851851851849
Montana,name,0.11092592592592591
Nebraska,name,0.030775462962962966
Nevada,name,0.11299999999999999
New Hampshire,name,0.12602188552188548
New Jersey,name,0.1170280934343434
New Mexico,name,0.09156407828282827
New York,name,0.007986111111111102
North Carolina,name,0.10906723484848484
North Dakota,name,-0.009963924963925012
Ohio,name,0.10425347222222218
Oklahoma,name,0.11565223665223663
Oregon,name,0.06718759018759017
Pennsylvania,name,0.05102513227513228
Rhode Island,name,0.11603286560183108
South Carolina,name,0.05741666666666666
South Dakota,name,-0.12343750000000002
Tennessee,name,0.01858441558441556
Texas,name,0.06048520923520922
Utah,name,0.11224326599326596
Vermont,name,0.2805010822510823
Virginia,name,0.04624152236652238
Washington,name,-0.06942054473304474
West Virginia,name,-0.062012987012987034
Wisconsin,name,0.06475243506493504
Wyoming,name,0.13289670514670512
